{
  "summary": {
    "avg_quality_score": 73.17452345630299,
    "passes_95_threshold": false,
    "candidate": "deepinfra:mistral-small",
    "baseline": "gemini:gemini-2.0-flash"
  },
  "documents": {
    "cs": {
      "candidate": {
        "doc_name": "cs",
        "provider": "deepinfra",
        "model": "mistral-small",
        "total_pages": 16,
        "problem_pages": 11,
        "ocr_pages": 11,
        "total_chars": 31725,
        "avg_chars_per_page": 1982.8125,
        "extraction_time_s": 198.5852689743042,
        "latex_equations": 2,
        "tables_detected": 10,
        "code_blocks": 14,
        "page_chars": [
          1315,
          2244,
          2252,
          1934,
          1850,
          2781,
          2229,
          2185,
          1287,
          2267,
          1801,
          1668,
          1995,
          1872,
          2234,
          1811
        ]
      },
      "baseline": {
        "doc_name": "cs",
        "provider": "gemini",
        "model": "gemini-2.0-flash",
        "total_pages": 16,
        "problem_pages": 11,
        "ocr_pages": 11,
        "total_chars": 29432,
        "avg_chars_per_page": 1839.5,
        "extraction_time_s": 55.23484706878662,
        "latex_equations": 0,
        "tables_detected": 0,
        "code_blocks": 5,
        "page_chars": [
          1231,
          1965,
          1817,
          1743,
          1850,
          2781,
          1701,
          2185,
          1087,
          2081,
          1518,
          1668,
          2064,
          1728,
          2202,
          1811
        ]
      },
      "comparison": {
        "doc_name": "cs",
        "candidate_provider": "deepinfra:mistral-small",
        "baseline_provider": "gemini:gemini-2.0-flash",
        "char_ratio": 1.0779083990214733,
        "page_similarities": [
          0.9090909090909091,
          0.9461077844311377,
          0.8916666666666667,
          0.808,
          1.0,
          1.0,
          0.9090909090909091,
          1.0,
          0.8170731707317073,
          0.9835164835164835,
          0.8739495798319328,
          1.0,
          0.9875776397515528,
          0.936046511627907,
          0.9485294117647058,
          1.0
        ],
        "avg_page_similarity": 0.9381655666564945,
        "latex_ratio": 0,
        "tables_ratio": 0,
        "quality_score": 69.9605683572879,
        "passes_threshold": false
      }
    },
    "physics": {
      "candidate": {
        "doc_name": "physics",
        "provider": "deepinfra",
        "model": "mistral-small",
        "total_pages": 26,
        "problem_pages": 18,
        "ocr_pages": 18,
        "total_chars": 61823,
        "avg_chars_per_page": 2377.8076923076924,
        "extraction_time_s": 351.902765750885,
        "latex_equations": 634,
        "tables_detected": 10,
        "code_blocks": 18,
        "page_chars": [
          1331,
          3048,
          3197,
          2436,
          2838,
          2565,
          2700,
          2598,
          1814,
          2076,
          2854,
          2476,
          2706,
          2972,
          2168,
          2603,
          2973,
          1499,
          1905,
          2762,
          1706,
          1601,
          2840,
          2197,
          2518,
          1440
        ]
      },
      "baseline": {
        "doc_name": "physics",
        "provider": "gemini",
        "model": "gemini-2.0-flash",
        "total_pages": 26,
        "problem_pages": 18,
        "ocr_pages": 18,
        "total_chars": 56303,
        "avg_chars_per_page": 2165.5,
        "extraction_time_s": 99.42694878578186,
        "latex_equations": 0,
        "tables_detected": 1,
        "code_blocks": 4,
        "page_chars": [
          1331,
          2910,
          3197,
          2217,
          2474,
          2201,
          2309,
          2497,
          1811,
          2076,
          2580,
          2082,
          2653,
          2972,
          1862,
          2015,
          2516,
          1499,
          1774,
          2476,
          1414,
          1601,
          2473,
          1405,
          2518,
          1440
        ]
      },
      "comparison": {
        "doc_name": "physics",
        "candidate_provider": "deepinfra:mistral-small",
        "baseline_provider": "gemini:gemini-2.0-flash",
        "char_ratio": 1.098040956964993,
        "page_similarities": [
          1.0,
          0.944954128440367,
          1.0,
          0.8707865168539326,
          0.8592964824120602,
          0.8440860215053764,
          0.84,
          0.8921568627450981,
          0.8757396449704142,
          1.0,
          0.8177339901477833,
          0.8206521739130435,
          0.905940594059406,
          1.0,
          0.702247191011236,
          0.6994818652849741,
          0.8289473684210527,
          1.0,
          0.7553191489361702,
          0.8271028037383178,
          0.6265060240963856,
          1.0,
          0.8493150684931506,
          0.6935483870967742,
          1.0,
          1.0
        ],
        "avg_page_similarity": 0.8713005489279055,
        "latex_ratio": 0,
        "tables_ratio": 10.0,
        "quality_score": 74.11400352227045,
        "passes_threshold": false
      }
    },
    "chemistry": {
      "candidate": {
        "doc_name": "chemistry",
        "provider": "deepinfra",
        "model": "mistral-small",
        "total_pages": 28,
        "problem_pages": 26,
        "ocr_pages": 26,
        "total_chars": 61548,
        "avg_chars_per_page": 2198.1428571428573,
        "extraction_time_s": 329.80784821510315,
        "latex_equations": 591,
        "tables_detected": 24,
        "code_blocks": 17,
        "page_chars": [
          2307,
          2473,
          1801,
          2280,
          2050,
          2826,
          2760,
          2298,
          2147,
          2505,
          2066,
          2148,
          1473,
          1547,
          1964,
          1406,
          2011,
          3057,
          2426,
          1728,
          1477,
          2554,
          2422,
          2617,
          2465,
          2985,
          2653,
          1102
        ]
      },
      "baseline": {
        "doc_name": "chemistry",
        "provider": "gemini",
        "model": "gemini-2.0-flash",
        "total_pages": 28,
        "problem_pages": 26,
        "ocr_pages": 26,
        "total_chars": 50949,
        "avg_chars_per_page": 1819.607142857143,
        "extraction_time_s": 134.3798382282257,
        "latex_equations": 0,
        "tables_detected": 0,
        "code_blocks": 1,
        "page_chars": [
          2307,
          2381,
          1665,
          1017,
          1997,
          2026,
          2071,
          2066,
          1725,
          2334,
          1871,
          1753,
          871,
          1060,
          1233,
          953,
          1415,
          2790,
          2092,
          2063,
          880,
          2380,
          2532,
          2491,
          2088,
          1625,
          2161,
          1102
        ]
      },
      "comparison": {
        "doc_name": "chemistry",
        "candidate_provider": "deepinfra:mistral-small",
        "baseline_provider": "gemini:gemini-2.0-flash",
        "char_ratio": 1.2080315609727375,